Firstname,Lastname,SAM,Email

Arno,Bost,abost,abost@corp.contoso.com

Peter,Fischer,pfisher,pfischer@corp.contoso.com

Manish,Chopra,mchopra,mchopra@corp.contoso.com

Josh,Rampart,joshie,joshie@cucyber.me

Game,Time,gametime,gametime@cucyber.me

Tiger,Town,tigertown,tigertown@cucyber.me

National,Champions,natty,natty@cucyber.me
